Ateneo;Regione;Tipo;Codice fiscale;Fonte elenco
"Università telematica non statale ""Leonardo da Vinci"" di Torrevecchia Teatina (CH)";Abruzzo;Non statale;;USTAT
Università degli studi Mediterranea di Reggio Calabria;Calabria;Statale;;USTAT
"Università per stranieri ""Dante Alighieri"" di Reggio Calabria";Calabria;Non statale;;USTAT
Università degli studi Suor Orsola Benincasa di Napoli;Campania;Non statale;;USTAT
"Università telematica ""Giustino Fortunato"" di Benevento";Campania;Non statale;;USTAT
Libera Università Maria SS.Assunta - (LUMSA) di Roma;Lazio;Non statale;;USTAT
Universitas telematica Mercatorum di Roma;Lazio;Non statale;;USTAT
Università degli Studi Internazionali di Roma – UNINT;Lazio;Non statale;;USTAT
Università Europea di Roma;Lazio;Non statale;;USTAT
Università telematica Guglielmo Marconi di Roma;Lazio;Non statale;;USTAT
Università telematica internazionale UNINETTUNO di Roma;Lazio;Non statale;;USTAT
Università telematica Unitelma Sapienza di Roma;Lazio;Non statale;;USTAT
Università Commerciale Luigi Bocconi di Milano;Lombardia;Non statale;;USTAT
Università degli Studi di Bergamo;Lombardia;Statale;;USTAT
UNINEUROMED - Neuromed Mediterranean University of Sciences and Technologies;Molise;Non statale;;MUR-2026
Università di Scienze Gastronomiche;Piemonte;Non statale;;USTAT
Università per stranieri di Siena;Toscana;Statale;;USTAT
"Università telematica ""Italian University line"" di Firenze";Toscana;Non statale;;USTAT
Università della Valle d'Aosta;Valle d'Aosta;Non statale;;USTAT
