Ateneo;Regione;Tipo;Codice fiscale;Fonte elenco;PI;RU;Progetti distinti;MUR EUR;Presente;Metodo confronto
Gran Sasso Science Institute - Scuola di dottorato internazionale dell'Aquila;Abruzzo;Statale;01984560662;USTAT;3;1;4;1010080;SI;codice fiscale
Università degli studi di L'Aquila;Abruzzo;Statale;01021630668;USTAT;1;6;7;1307797;SI;codice fiscale
Università degli Studi di Teramo;Abruzzo;Statale;92012890676;USTAT;0;1;1;125524;SI;codice fiscale
Università degli studi Gabriele D'Annunzio di Chieti e Pescara;Abruzzo;Statale;93002750698;USTAT;0;3;3;610264;SI;codice fiscale
"Università telematica non statale ""Leonardo da Vinci"" di Torrevecchia Teatina (CH)";Abruzzo;Non statale;;USTAT;0;0;0;0;NO;nessuna
Università degli studi della Basilicata;Basilicata;Statale;96003410766;USTAT;0;3;3;570399;SI;codice fiscale
Università degli studi di Catanzaro - Magna Grecia;Calabria;Statale;97026980793;USTAT;0;4;4;588114;SI;codice fiscale
Università degli studi Mediterranea di Reggio Calabria;Calabria;Statale;;USTAT;0;0;0;0;NO;nessuna
Università della Calabria;Calabria;Statale;80003950781;USTAT;0;6;6;1067828;SI;codice fiscale
"Università per stranieri ""Dante Alighieri"" di Reggio Calabria";Calabria;Non statale;;USTAT;0;0;0;0;NO;nessuna
Scuola Superiore Meridionale di Napoli;Campania;Statale;95315120634;USTAT;0;2;2;468151;SI;codice fiscale
Università degli Studi del Sannio;Campania;Statale;01114010620;USTAT;0;1;1;162540;SI;codice fiscale
"Università degli studi della Campania ""Luigi Vanvitelli""";Campania;Statale;02044190615;USTAT;2;12;14;3052120;SI;codice fiscale
Università degli Studi di Napoli - Parthenope;Campania;Statale;80018240632;USTAT;2;7;9;1829772;SI;codice fiscale
Università degli studi di Napoli Federico II;Campania;Statale;00876220633;USTAT;7;23;30;6141502;SI;codice fiscale
Università degli Studi di Salerno;Campania;Statale;80018670655;USTAT;7;13;20;4753730;SI;codice fiscale
Università degli studi L'Orientale di Napoli;Campania;Statale;00297640633;USTAT;0;1;1;257073;SI;codice fiscale
Università degli studi Suor Orsola Benincasa di Napoli;Campania;Non statale;;USTAT;0;0;0;0;NO;nessuna
"Università telematica ""Giustino Fortunato"" di Benevento";Campania;Non statale;;USTAT;0;0;0;0;NO;nessuna
"Università telematica ""Pegaso"" di Napoli";Campania;Non statale;05411471211;USTAT;1;3;4;761825;SI;codice fiscale
Università degli Studi di Bologna;Emilia-Romagna;Statale;80007010376;USTAT;6;23;29;6836089;SI;codice fiscale
Università degli Studi di Ferrara;Emilia-Romagna;Statale;80007370382;USTAT;1;4;5;1032941;SI;codice fiscale
Università degli Studi di Modena e Reggio Emilia;Emilia-Romagna;Statale;00427620364;USTAT;1;8;9;1953008;SI;codice fiscale
Università degli Studi di Parma;Emilia-Romagna;Statale;00308780345;USTAT;1;16;17;3289718;SI;codice fiscale
Scuola Internazionale Superiore di Studi Avanzati di Trieste;Friuli-Venezia Giulia;Statale;80035060328;USTAT;2;4;6;1454342;SI;codice fiscale
Università degli Studi di Trieste;Friuli-Venezia Giulia;Statale;80013890324;USTAT;3;5;8;1692816;SI;codice fiscale
Università degli Studi di Udine;Friuli-Venezia Giulia;Statale;80014550307;USTAT;0;2;2;384390;SI;codice fiscale
Centro Alti Studi per la Difesa (CASD) di Roma;Lazio;Statale;97042570586;USTAT;0;1;1;190425;SI;codice fiscale
Libera Università Maria SS.Assunta - (LUMSA) di Roma;Lazio;Non statale;;USTAT;0;0;0;0;NO;nessuna
Link Campus University di Roma;Lazio;Non statale;11933781004;USTAT;1;5;6;1152971;SI;codice fiscale
LUISS - Libera Università internazionale degli studi sociali Guido Carli di Roma;Lazio;Non statale;02508710585;USTAT;0;3;3;829783;SI;codice fiscale
Saint Camillus International University of Health;Lazio;Non statale;97962900581;USTAT;0;2;2;335991;SI;codice fiscale
Universitas telematica Mercatorum di Roma;Lazio;Non statale;;USTAT;0;0;0;0;NO;nessuna
Università Campus Bio-medico di Roma;Lazio;Non statale;97087620585;USTAT;0;5;5;923458;SI;codice fiscale
Università degli Studi della Tuscia;Lazio;Statale;80029030568;USTAT;2;1;3;706386;SI;codice fiscale
Università degli Studi di Cassino e del Lazio Meridionale;Lazio;Statale;81006500607;USTAT;2;6;8;1458574;SI;codice fiscale
"Università degli studi di Roma ""Foro Italico""";Lazio;Statale;80229010584;USTAT;0;1;1;243830;SI;codice fiscale
Università degli studi di Roma La Sapienza;Lazio;Statale;80209930587;USTAT;9;46;55;11513076;SI;codice fiscale
Università degli Studi di Roma Tor Vergata;Lazio;Statale;80213750583;USTAT;1;19;20;4123754;SI;codice fiscale
Università degli Studi Internazionali di Roma – UNINT;Lazio;Non statale;;USTAT;0;0;0;0;NO;nessuna
Università degli Studi Roma Tre;Lazio;Statale;04400441004;USTAT;3;12;15;3201669;SI;codice fiscale
Università Europea di Roma;Lazio;Non statale;;USTAT;0;0;0;0;NO;nessuna
"Università telematica ""San Raffaele"" di Roma - già ""UNITEL""";Lazio;Non statale;97471900155;USTAT;0;3;3;577501;SI;codice fiscale
Università telematica Guglielmo Marconi di Roma;Lazio;Non statale;;USTAT;0;0;0;0;NO;nessuna
Università telematica internazionale UNINETTUNO di Roma;Lazio;Non statale;;USTAT;0;0;0;0;NO;nessuna
Università telematica Niccolò Cusano di Roma;Lazio;Non statale;09073721004;USTAT;0;6;6;1181913;SI;codice fiscale
Università telematica Unitelma Sapienza di Roma;Lazio;Non statale;;USTAT;0;0;0;0;NO;nessuna
Università degli studi di Genova;Liguria;Statale;00754150100;USTAT;0;11;11;2244962;SI;codice fiscale
Humanitas University;Lombardia;Non statale;97692990159;USTAT;0;4;4;749078;SI;codice fiscale
Istituto universitario di studi superiori di Pavia;Lombardia;Statale;96049740184;USTAT;2;0;2;787774;SI;codice fiscale
Libera Università di Lingue e Comunicazione (IULM);Lombardia;Non statale;80071270153;USTAT;0;2;2;399844;SI;codice fiscale
Libera Università, Vita-Salute San Raffaele di Milano;Lombardia;Non statale;97187560152;USTAT;2;4;6;1479572;SI;codice fiscale
Politecnico di Milano;Lombardia;Statale;80057930150;USTAT;2;18;20;4264351;SI;codice fiscale
"Università ""Carlo Cattaneo"" (LIUC)";Lombardia;Non statale;02015300128;USTAT;0;1;1;212092;SI;codice fiscale
"Università Cattolica del ""Sacro Cuore""";Lombardia;Non statale;02133120150;USTAT;1;9;10;2111975;SI;codice fiscale
Università Commerciale Luigi Bocconi di Milano;Lombardia;Non statale;;USTAT;0;0;0;0;NO;nessuna
Università degli Studi dell' Insubria;Lombardia;Statale;95039180120;USTAT;1;5;6;1240115;SI;codice fiscale
Università degli Studi di Bergamo;Lombardia;Statale;;USTAT;0;0;0;0;NO;nessuna
Università degli Studi di Brescia;Lombardia;Statale;98007650173;USTAT;0;10;10;1935654;SI;codice fiscale
Università degli Studi di Milano;Lombardia;Statale;80012650158;USTAT;10;19;29;6405553;SI;codice fiscale
Università degli studi di Milano-Bicocca;Lombardia;Statale;12621570154;USTAT;8;10;18;4251752;SI;codice fiscale
Università degli Studi di Pavia;Lombardia;Statale;80007270186;USTAT;2;8;10;2094528;SI;codice fiscale
"Università telematica ""e-Campus"" di Novedrate (CO)";Lombardia;Non statale;90027520130;USTAT;0;3;3;586804;SI;codice fiscale
"Università degli studi ""Carlo Bo"" di Urbino";Marche;Statale;82002850418;USTAT;0;2;2;359583;SI;codice fiscale
Università degli Studi di Camerino;Marche;Statale;81001910439;USTAT;1;3;4;763650;SI;codice fiscale
Università degli Studi di Macerata;Marche;Statale;00177050432;USTAT;0;1;1;140885;SI;codice fiscale
Università Politecnica delle Marche - Ancona;Marche;Statale;00382520427;USTAT;1;3;4;915385;SI;codice fiscale
UNINEUROMED - Neuromed Mediterranean University of Sciences and Technologies;Molise;Non statale;;MUR-2026;0;0;0;0;NO;nessuna
Università degli Studi del Molise;Molise;Statale;92008370709;USTAT;0;5;5;1022381;SI;codice fiscale
Politecnico di Torino;Piemonte;Statale;00518460019;USTAT;8;9;17;4489762;SI;codice fiscale
"Università degli studi del Piemonte orientale ""Amedeo Avogadro""";Piemonte;Statale;94021400026;USTAT;1;8;9;2141858;SI;codice fiscale
Università degli studi di Torino;Piemonte;Statale;80088230018;USTAT;6;26;32;7205494;SI;codice fiscale
Università di Scienze Gastronomiche;Piemonte;Non statale;;USTAT;0;0;0;0;NO;nessuna
"Libera Università Mediterranea LUM ""Giuseppe Degennaro""";Puglia;Non statale;93135780729;USTAT;1;0;1;223975;SI;codice fiscale
Politecnico di Bari;Puglia;Statale;93051590722;USTAT;0;3;3;657720;SI;codice fiscale
Università degli Studi di Bari;Puglia;Statale;80002170720;USTAT;1;12;13;2600357;SI;codice fiscale
Università degli Studi di Foggia;Puglia;Statale;94045260711;USTAT;0;5;5;849447;SI;codice fiscale
Università del Salento;Puglia;Statale;80008870752;USTAT;1;5;6;1169198;SI;codice fiscale
Università degli Studi di Cagliari;Sardegna;Statale;80019600925;USTAT;2;4;6;1246554;SI;codice fiscale
Università degli Studi di Sassari;Sardegna;Statale;00196350904;USTAT;0;1;1;193941;SI;codice fiscale
"Libera Università della Sicilia Centrale ""KORE"" di Enna";Sicilia;Non statale;01094410865;USTAT;0;1;1;249613;SI;codice fiscale
Università degli Studi di Catania;Sicilia;Statale;02772010878;USTAT;3;13;16;3155008;SI;codice fiscale
Università degli Studi di Messina;Sicilia;Statale;80004070837;USTAT;1;8;9;2010549;SI;codice fiscale
Università degli Studi di Palermo;Sicilia;Statale;80023730825;USTAT;4;11;15;3500395;SI;codice fiscale
Scuola IMT Alti Studi di Lucca;Toscana;Statale;92037570469;USTAT;0;3;3;710042;SI;codice fiscale
Scuola Normale Superiore di Pisa;Toscana;Statale;80005050507;USTAT;1;0;1;211398;SI;codice fiscale
"Scuola Superiore di Studi Universitari e Perfezionamento ""S. Anna"" di Pisa";Toscana;Statale;93008800505;USTAT;0;3;3;755386;SI;codice fiscale
Università degli Studi di Firenze;Toscana;Statale;01279680480;USTAT;5;19;24;5291063;SI;codice fiscale
Università degli Studi di Siena;Toscana;Statale;80002070524;USTAT;6;5;11;2674618;SI;codice fiscale
Università di Pisa;Toscana;Statale;80003670504;USTAT;3;16;19;4063837;SI;codice fiscale
Università per stranieri di Siena;Toscana;Statale;;USTAT;0;0;0;0;NO;nessuna
"Università telematica ""Italian University line"" di Firenze";Toscana;Non statale;;USTAT;0;0;0;0;NO;nessuna
Libera Università di Bolzano;Trentino-Alto Adige;Non statale;94060760215;USTAT;0;2;2;343951;SI;codice fiscale
Università degli Studi di Trento;Trentino-Alto Adige;Statale;00340520220;USTAT;5;16;21;4516699;SI;codice fiscale
Università degli Studi di Perugia;Umbria;Statale;00448820548;USTAT;0;13;13;2686422;SI;codice fiscale
Università per stranieri di Perugia;Umbria;Statale;80002630541;USTAT;1;0;1;244890;SI;codice fiscale
Università della Valle d'Aosta;Valle d'Aosta;Non statale;;USTAT;0;0;0;0;NO;nessuna
Università degli studi Ca' Foscari di Venezia;Veneto;Statale;80007720271;USTAT;0;4;4;746574;SI;codice fiscale
Università degli Studi di Padova;Veneto;Statale;80006480281;USTAT;11;25;36;7732504;SI;codice fiscale
Università degli Studi di Verona;Veneto;Statale;93009870234;USTAT;4;4;8;2069134;SI;codice fiscale
Università Iuav di Venezia;Veneto;Statale;80009280274;USTAT;0;2;2;563572;SI;codice fiscale
